{
  "token_acc":1.0,
  "token_p":1.0,
  "token_r":1.0,
  "token_f":1.0,
  "ents_p":0.7272727273,
  "ents_r":0.7083825266,
  "ents_f":0.7177033493,
  "ents_per_type":{
    "LOC":{
      "p":0.6666666667,
      "r":0.6966292135,
      "f":0.6813186813
    },
    "DATE":{
      "p":0.8269230769,
      "r":0.8565737052,
      "f":0.8414872798
    },
    "ORG":{
      "p":0.6886227545,
      "r":0.6371191136,
      "f":0.6618705036
    },
    "FAC":{
      "p":0.6460176991,
      "r":0.6636363636,
      "f":0.6547085202
    },
    "MONEY":{
      "p":0.8421052632,
      "r":0.6666666667,
      "f":0.7441860465
    },
    "EVENT":{
      "p":0.6666666667,
      "r":0.3333333333,
      "f":0.4444444444
    }
  },
  "speed":12133.4841885786
}