{
  "token_acc":1.0,
  "token_p":1.0,
  "token_r":1.0,
  "token_f":1.0,
  "ents_p":0.6529562982,
  "ents_r":0.5997638725,
  "ents_f":0.6252307692,
  "ents_per_type":{
    "LOC":{
      "p":0.6,
      "r":0.5056179775,
      "f":0.5487804878
    },
    "DATE":{
      "p":0.8048780488,
      "r":0.7888446215,
      "f":0.7967806841
    },
    "ORG":{
      "p":0.5484848485,
      "r":0.5013850416,
      "f":0.523878437
    },
    "FAC":{
      "p":0.6019417476,
      "r":0.5636363636,
      "f":0.5821596244
    },
    "MONEY":{
      "p":0.95,
      "r":0.7916666667,
      "f":0.8636363636
    },
    "EVENT":{
      "p":0.75,
      "r":0.25,
      "f":0.375
    }
  },
  "speed":38228.0968549079
}