{
  "token_acc":1.0,
  "token_p":1.0,
  "token_r":1.0,
  "token_f":1.0,
  "ents_p":0.766066838,
  "ents_r":0.7036599764,
  "ents_f":0.7335384615,
  "ents_per_type":{
    "LOC":{
      "p":0.7191011236,
      "r":0.7191011236,
      "f":0.7191011236
    },
    "DATE":{
      "p":0.8359375,
      "r":0.8525896414,
      "f":0.8441814596
    },
    "ORG":{
      "p":0.7205387205,
      "r":0.5927977839,
      "f":0.6504559271
    },
    "FAC":{
      "p":0.7596153846,
      "r":0.7181818182,
      "f":0.738317757
    },
    "MONEY":{
      "p":0.8,
      "r":0.8333333333,
      "f":0.8163265306
    },
    "EVENT":{
      "p":0.7142857143,
      "r":0.4166666667,
      "f":0.5263157895
    }
  },
  "speed":12308.2268278052
}